companyUrl,flow
https://www.amagi.com/careers/open-roles,pageselect
https://www.scalable-systems.com/job-opening.aspx,loadmore
https://armstronginternationalcareers.secure.force.com/recruit/fRecruit__ApplyJobList?portal=India,next
https://horizonecareer.peoplestrong.com/job/joblist,next
https://careers-here.icims.com/jobs/search?ss=1&searchLocation=13228--,next
https://careers.vestas.com/search/?q=&locationsearch=India,pageselect
https://www.intint.in/careers/,next
https://www.aujas.com/join-us,next
http://www.suprabha.com/career/,next
